INSERT INTO "organization" ("id", "average_check", "name", "rating", "schedule", "type_organization")
VALUES (1, 3000.5, 'Россичъ', 9.9, '10:00-22:00', 'RESTAURANT'),
       (2, 2000.5, 'Alma', 10, '12:00-23:00', 'BAR'),
       (3, 3000.5, 'Uhvat', 9.6, '10:00-22:00', 'RESTAURANT'),
       (4, 3000.5, 'Гусятникоff', 9.2, '10:00-22:00', 'RESTAURANT'),
       (5, 3000.5, 'Tinta', 10.0, '10:00-22:00', 'RESTAURANT'),
       (6, 2000.5, 'Кнорозов бар', 9.8, '12:00-23:00', 'BAR'),
       (7, 2000.5, 'Киану', 9.8, '12:00-23:00', 'BAR'),
       (8, 2000.5, 'Happy', 9.5, '12:00-23:00', 'BAR'),
       (9, 1564.20, 'Alchemist', 9.10, '12:00-23:00', 'RESTAURANT'),
       (10, 3320.99, 'У дяди Васи', 3.4, '12:00-23:00', 'RESTAURANT'),
       (11, 2000.51, 'Direkte', 9.10, '12:00-23:00', 'RESTAURANT'),
       (12, 1564.21, 'Sun', 7.4, '12:00-23:00', 'RESTAURANT'),
       (13, 3320.10, 'Star', 9.7, '12:00-23:00', 'RESTAURANT'),
       (14, 2000.52, 'Beer', 9.3, '12:00-23:00', 'BAR'),
       (15, 1564.22, 'Vodka', 10.1, '12:00-23:00', 'BAR');

INSERT INTO "some_object" (id, description, organization_id)
VALUES (1, 'Столик у окна на 8 мест', 1),
       (2, 'Столик на 2 места', 1),
       (3, 'Vip столик с видом на море на 2 места', 1),
       (4, 'Столик на 5 мест', 2),
       (5, 'Столик на 5 мест', 2),
       (6, 'Столик на 8 мест', 2);

INSERT INTO "reservation" (beginning, date, ending, booking_id, some_object_id)
VALUES (10, '20.04.2022', 11, null, 1),
       (11, '20.04.2022', 12, null, 1),
       (12, '20.04.2022', 13, null, 1),
       (13, '20.04.2022', 14, null, 1),
       (14, '20.04.2022', 15, null, 1),
       (15, '20.04.2022', 16, null, 1),
       (16, '20.04.2022', 17, null, 1),
       (17, '20.04.2022', 18, null, 1),
       (18, '20.04.2022', 19, null, 1),
       (19, '20.04.2022', 20, null, 1),
       (20, '20.04.2022', 21, null, 1),
       (21, '20.04.2022', 22, null, 1),
       (10, '20.04.2022', 11, null, 2),
       (11, '20.04.2022', 12, null, 2),
       (12, '20.04.2022', 13, null, 2),
       (13, '20.04.2022', 14, null, 2),
       (14, '20.04.2022', 15, null, 2),
       (15, '20.04.2022', 16, null, 2),
       (16, '20.04.2022', 17, null, 2),
       (17, '20.04.2022', 18, null, 2),
       (18, '20.04.2022', 19, null, 2),
       (19, '20.04.2022', 20, null, 2),
       (20, '20.04.2022', 21, null, 2),
       (21, '20.04.2022', 22, null, 2),
       (10, '20.04.2022', 11, null, 3),
       (11, '20.04.2022', 12, null, 3),
       (12, '20.04.2022', 13, null, 3),
       (13, '20.04.2022', 14, null, 3),
       (14, '20.04.2022', 15, null, 3),
       (15, '20.04.2022', 16, null, 3),
       (16, '20.04.2022', 17, null, 3),
       (17, '20.04.2022', 18, null, 3),
       (18, '20.04.2022', 19, null, 3),
       (19, '20.04.2022', 20, null, 3),
       (20, '20.04.2022', 21, null, 3),
       (21, '20.04.2022', 22, null, 3),

       (12, '20.04.2022', 13, null, 4),
       (13, '20.04.2022', 14, null, 4),
       (14, '20.04.2022', 15, null, 4),
       (15, '20.04.2022', 16, null, 4),
       (16, '20.04.2022', 17, null, 4),
       (17, '20.04.2022', 18, null, 4),
       (18, '20.04.2022', 19, null, 4),
       (19, '20.04.2022', 20, null, 4),
       (20, '20.04.2022', 21, null, 4),
       (21, '20.04.2022', 22, null, 4),
       (22, '20.04.2022', 23, null, 4),
       (12, '20.04.2022', 13, null, 5),
       (13, '20.04.2022', 14, null, 5),
       (14, '20.04.2022', 15, null, 5),
       (15, '20.04.2022', 16, null, 5),
       (16, '20.04.2022', 17, null, 5),
       (17, '20.04.2022', 18, null, 5),
       (18, '20.04.2022', 19, null, 5),
       (19, '20.04.2022', 20, null, 5),
       (20, '20.04.2022', 21, null, 5),
       (21, '20.04.2022', 22, null, 5),
       (22, '20.04.2022', 23, null, 5),
       (12, '20.04.2022', 13, null, 6),
       (13, '20.04.2022', 14, null, 6),
       (14, '20.04.2022', 15, null, 6),
       (15, '20.04.2022', 16, null, 6),
       (16, '20.04.2022', 17, null, 6),
       (17, '20.04.2022', 18, null, 6),
       (18, '20.04.2022', 19, null, 6),
       (19, '20.04.2022', 20, null, 6),
       (20, '20.04.2022', 21, null, 6),
       (21, '20.04.2022', 22, null, 6),
       (22, '20.04.2022', 23, null, 6);


